,Year,intersection,health,climate
0,2011.0,0.5,16.25,4.0
1,2012.0,0.0,5.0,2.0
2,2013.0,0.2,15.2,8.8
3,2014.0,0.0,4.0,0.5
4,2015.0,0.0,2.1666666666666665,0.6666666666666666
5,2016.0,0.0,2.8333333333333335,2.0
6,2017.0,0.0,3.8333333333333335,0.3333333333333333
7,2018.0,0.25,9.25,6.0
8,2019.0,0.0,4.375,0.875
9,2020.0,0.0,5.0,1.75
10,2021.0,0.0,8.0,1.4
11,2022.0,0.2857142857142857,7.571428571428571,3.7142857142857144
12,2023.0,4.0,27.0,34.0
