,Year,intersection,health,climate
0,2012.0,0.0,6.0,0.0
1,2013.0,0.0,18.0,5.0
2,2014.0,0.0,11.0,0.0
3,2016.0,0.0,11.0,0.0
4,2017.0,1.25,25.25,15.75
5,2018.0,1.3333333333333333,22.333333333333332,21.333333333333332
6,2019.0,0.75,29.75,19.5
7,2020.0,1.5,23.5,13.5
8,2021.0,1.3333333333333333,75.33333333333333,32.666666666666664
9,2022.0,5.0,54.0,50.333333333333336
10,2023.0,3.3333333333333335,37.0,37.333333333333336
