,Year,intersection,health,climate
0,2011.0,0.0,13.0,3.0
1,2012.0,0.0,19.0,2.0
2,2013.0,5.0,5.0,12.0
3,2015.0,0.5,7.5,8.0
4,2016.0,0.0,0.0,2.0
5,2017.0,0.0,4.5,6.0
6,2018.0,0.25,1.5,0.75
7,2019.0,0.0,7.0,7.5
8,2020.0,0.0,5.5,8.5
9,2021.0,1.6666666666666667,45.0,25.666666666666668
10,2022.0,1.3333333333333333,45.333333333333336,40.0
11,2023.0,4.0,63.5,54.5
