,Year,intersection,health,climate
0,2012.0,0.0,19.0,34.0
1,2015.0,0.0,0.0,0.0
2,2019.0,1.0,9.0,3.0
3,2020.0,0.0,5.5,1.0
4,2021.0,0.8571428571428571,27.285714285714285,6.571428571428571
5,2022.0,0.6,49.4,12.0
6,2023.0,2.25,68.0,23.75
