,Year,intersection,health,climate
0,2013.0,0.0,17.0,6.0
1,2014.0,0.0,6.0,1.0
2,2015.0,0.0,11.5,1.1666666666666667
3,2016.0,0.2,7.4,1.6
4,2017.0,1.3333333333333333,17.666666666666668,4.0
5,2018.0,0.0,12.0,8.0
6,2019.0,1.0,19.666666666666668,3.3333333333333335
7,2020.0,1.0,15.0,4.0
8,2021.0,2.5,51.5,5.0
9,2022.0,1.3333333333333333,27.0,6.0
