,Year,intersection,health,climate
0,2011.0,0.0,1.0,0.0
1,2012.0,0.0,6.0,0.0
2,2013.0,0.5,15.75,2.5
3,2014.0,0.5,11.25,3.5
4,2015.0,1.0,16.0,4.0
5,2016.0,0.0,13.4,4.4
6,2017.0,0.0,8.857142857142858,4.142857142857143
7,2018.0,0.16666666666666666,3.6666666666666665,19.0
8,2019.0,0.6666666666666666,4.666666666666667,13.777777777777779
9,2020.0,0.0,11.4,4.0
10,2021.0,0.5,36.5,31.125
11,2022.0,0.36363636363636365,28.90909090909091,16.0
12,2023.0,1.0,49.5,71.0
