,Year,intersection,health,climate
0,2011.0,0.2,6.0,1.8
1,2012.0,0.6666666666666666,11.666666666666666,2.0
2,2013.0,0.5,22.5,4.75
3,2014.0,0.25,13.0,8.75
4,2015.0,0.0,19.333333333333332,10.333333333333334
5,2016.0,0.0,20.5,7.0
6,2017.0,0.8,30.8,23.8
7,2018.0,0.0,15.428571428571429,4.714285714285714
8,2019.0,2.0,85.0,56.0
9,2020.0,5.0,69.0,55.0
10,2021.0,2.0,44.5,25.25
11,2022.0,0.2,19.2,7.8
12,2023.0,3.0,64.3,58.0
