,Year,intersection,health,climate
0,2011.0,0.0,9.0,0.5
1,2012.0,0.0,8.666666666666666,0.3333333333333333
2,2013.0,0.0,5.5,0.0
3,2014.0,0.0,6.75,0.75
4,2015.0,0.0,5.5,0.5
5,2016.0,0.0,1.5,0.0
6,2017.0,0.2,6.2,0.6
7,2018.0,0.8,23.2,5.8
8,2019.0,0.0,6.0,0.2
9,2020.0,0.0,7.666666666666667,1.0
10,2021.0,0.2,9.6,0.8
11,2022.0,0.6666666666666666,7.0,4.833333333333333
12,2023.0,0.0,3.5,6.5
