,Year,intersection,health,climate
0,2011.0,0.0,65.33333333333333,6.0
1,2012.0,0.0,110.0,15.0
2,2013.0,6.0,108.66666666666667,21.666666666666668
3,2014.0,3.3333333333333335,105.33333333333333,11.0
4,2015.0,2.6666666666666665,108.0,11.666666666666666
5,2016.0,3.25,62.0,6.0
6,2017.0,0.5,66.0,8.0
7,2018.0,0.3333333333333333,176.0,20.0
8,2019.0,0.6666666666666666,76.0,4.333333333333333
9,2020.0,2.0,132.0,15.25
10,2021.0,1.8,102.0,15.8
11,2022.0,7.8,139.2,36.2
12,2023.0,6.4,154.2,42.2
