,Year,intersection,health,climate
0,2022.0,3.0,15.0,14.0
1,2023.0,6.0,162.66666666666666,43.333333333333336
