,Year,intersection,health,climate
0,2011.0,0.0,2.0,0.0
1,2012.0,0.0,3.0,0.0
2,2013.0,0.0,3.3333333333333335,0.0
3,2014.0,0.0,10.0,0.3333333333333333
4,2015.0,1.0,10.666666666666666,1.0
5,2016.0,0.0,1.5,0.0
6,2017.0,1.0,5.333333333333333,1.0
7,2018.0,1.5,6.5,1.0
8,2019.0,1.0,5.333333333333333,0.6666666666666666
9,2020.0,0.0,4.0,1.0
10,2021.0,1.75,13.0,2.25
11,2022.0,1.25,11.25,6.25
12,2023.0,0.0,7.0,12.0
