,Year,intersection,health,climate
0,2013.0,0.0,3.0,0.0
1,2014.0,0.0,3.0,0.0
2,2015.0,0.0,3.0,0.0
3,2016.0,0.0,3.0,0.0
4,2017.0,0.0,43.5,2.0
5,2018.0,0.3333333333333333,74.33333333333333,2.0
6,2019.0,0.0,42.0,0.5
7,2020.0,0.0,88.33333333333333,8.333333333333334
8,2021.0,1.0,47.0,3.0
9,2022.0,5.0,208.0,11.0
10,2023.0,9.714285714285714,122.85714285714286,42.0
