,Year,intersection,health,climate
0,2011.0,0.0,38.0,2.0
1,2012.0,0.3333333333333333,25.666666666666668,1.3333333333333333
2,2013.0,0.0,23.5,0.0
3,2014.0,0.0,44.0,1.0
4,2015.0,0.0,100.0,0.0
5,2017.0,2.0,40.0,28.0
6,2018.0,4.0,34.5,12.0
7,2019.0,3.0,148.0,11.666666666666666
8,2020.0,0.25,21.25,3.5
9,2021.0,2.6,77.8,14.8
10,2022.0,5.166666666666667,53.333333333333336,15.666666666666666
11,2023.0,12.2,145.8,53.0
