,Year,intersection,health,climate
0,2013.0,0.0,9.0,0.5
1,2014.0,0.0,6.333333333333333,0.3333333333333333
2,2015.0,0.0,18.0,3.6666666666666665
3,2016.0,0.0,5.0,0.0
4,2017.0,0.0,13.5,0.0
5,2018.0,0.0,17.0,2.6666666666666665
6,2019.0,1.0,13.0,1.0
7,2020.0,0.0,10.0,0.0
8,2021.0,0.4,22.2,1.4
9,2022.0,0.16666666666666666,32.333333333333336,1.5
10,2023.0,0.0,19.25,0.5
