,Year,intersection,health,climate
0,2014.0,3.0,33.0,2.0
1,2015.0,0.0,54.0,1.0
2,2016.0,0.0,86.0,1.0
3,2017.0,0.0,97.0,1.0
4,2018.0,12.0,285.0,7.0
5,2019.0,1.3333333333333333,26.0,1.6666666666666667
6,2020.0,3.0,109.0,2.0
7,2021.0,0.0,1.0,1.0
8,2022.0,4.25,58.25,12.0
9,2023.0,12.666666666666666,98.33333333333333,25.666666666666668
