,Year,intersection,health,climate
0,2011.0,0.0,2.8461538461538463,0.23076923076923078
1,2012.0,0.17647058823529413,3.5294117647058822,1.8235294117647058
2,2013.0,0.0,2.4,0.1
3,2014.0,0.0,2.0,0.0
4,2015.0,0.0,3.8333333333333335,0.3333333333333333
5,2016.0,0.0,3.142857142857143,0.2857142857142857
6,2017.0,0.0,2.5,0.16666666666666666
7,2018.0,0.0,3.2,0.2
8,2019.0,0.0,4.6,0.4
9,2020.0,0.0,8.0,0.5
10,2021.0,0.0,5.666666666666667,0.3333333333333333
11,2022.0,0.0,0.0,0.0
12,2023.0,0.0,2.0,0.0
