,Year,intersection,health,climate
0,2011.0,0.0,0.5,0.5
1,2012.0,0.0,20.5,7.0
2,2013.0,1.0,20.5,8.75
3,2014.0,0.25,17.75,7.25
4,2015.0,0.0,10.666666666666666,2.5
5,2016.0,0.0,3.5,0.5
6,2017.0,0.6666666666666666,14.0,3.3333333333333335
7,2018.0,0.0,4.0,0.3333333333333333
8,2019.0,0.0,4.666666666666667,0.0
9,2020.0,0.3333333333333333,4.333333333333333,6.666666666666667
10,2021.0,2.6,81.8,12.4
11,2022.0,0.5,12.5,15.0
12,2023.0,10.0,114.0,185.0
