,Year,intersection,health,climate
0,2011.0,2.5,34.0,21.0
1,2012.0,0.3333333333333333,29.666666666666668,25.666666666666668
2,2013.0,1.5,27.0,25.0
3,2014.0,1.0,33.5,19.5
4,2015.0,3.0,54.0,30.0
5,2016.0,3.0,51.0,40.0
6,2017.0,0.0,0.0,3.5
7,2018.0,0.0,1.0,1.0
8,2019.0,0.0,1.0,1.0
9,2020.0,0.0,1.0,1.0
10,2021.0,8.0,214.5,103.0
11,2022.0,6.5,180.5,176.5
12,2023.0,5.666666666666667,136.0,148.33333333333334
