,Year,intersection,health,climate
0,2011.0,0.0,33.0,14.0
1,2012.0,0.0,36.0,19.0
2,2013.0,18.0,81.0,56.0
3,2014.0,17.0,102.0,52.0
4,2015.0,9.0,105.0,36.0
5,2016.0,1.0,23.0,6.0
6,2017.0,1.0,26.0,23.0
7,2018.0,0.5,11.0,15.5
8,2020.0,0.0,11.5,7.5
9,2021.0,0.5,20.75,17.25
10,2022.0,0.0,17.8,15.2
11,2023.0,1.3333333333333333,14.666666666666666,62.0
