,Year,intersection,health,climate
0,2011.0,0.0,31.0,0.0
1,2012.0,1.0,26.0,9.0
2,2013.0,1.25,21.0,12.25
3,2014.0,0.0,11.75,0.25
4,2015.0,0.0,9.0,0.0
5,2016.0,0.0,12.666666666666666,0.0
6,2017.0,0.0,10.666666666666666,0.0
7,2018.0,0.0,5.25,5.25
8,2019.0,0.0,7.0,9.333333333333334
9,2020.0,2.5,13.5,14.0
10,2021.0,3.5,17.5,15.5
11,2022.0,1.0,17.0,11.0
