,Year,intersection,health,climate
0,2011.0,0.0,14.0,0.3333333333333333
1,2012.0,0.0,17.5,0.5
2,2013.0,0.0,16.0,0.0
3,2014.0,0.0,17.5,0.5
4,2015.0,0.0,20.5,0.5
5,2016.0,0.0,25.0,0.5
6,2017.0,0.6666666666666666,88.0,1.0
7,2018.0,1.5,132.0,1.5
8,2019.0,1.0,152.0,3.3333333333333335
9,2020.0,3.5,86.5,3.0
10,2021.0,2.0,154.66666666666666,2.3333333333333335
11,2022.0,2.6666666666666665,140.66666666666666,2.3333333333333335
12,2023.0,4.666666666666667,204.0,5.666666666666667
