,Year,intersection,health,climate
0,2012.0,0.0,19.0,34.0
1,2014.0,0.0,18.0,1.5
2,2015.0,0.0,13.5,0.75
3,2016.0,0.0,9.5,0.5
4,2017.0,0.4,17.0,15.6
5,2018.0,0.0,13.666666666666666,3.3333333333333335
6,2019.0,0.2,27.6,5.6
7,2020.0,1.5,54.0,8.5
8,2021.0,1.5,27.9,12.7
9,2022.0,0.4444444444444444,26.22222222222222,7.888888888888889
10,2023.0,2.1,58.1,28.3
