,Year,intersection,health,climate
0,2011.0,0.0,47.0,1.0
1,2012.0,1.0,111.0,3.0
2,2013.0,0.0,85.0,0.0
3,2014.0,8.333333333333334,59.333333333333336,8.0
4,2015.0,2.25,41.25,6.75
5,2016.0,0.6666666666666666,13.333333333333334,0.6666666666666666
6,2017.0,0.0,3.5,0.0
7,2018.0,0.0,40.5,0.0
8,2019.0,0.0,29.0,0.0
9,2020.0,0.0,14.0,0.0
10,2021.0,3.5,45.0,2.5
11,2022.0,0.3333333333333333,26.0,1.6666666666666667
