,Year,intersection,health,climate
0,2013.0,0.0,174.0,5.0
1,2014.0,0.0,0.0,0.0
2,2015.0,0.0,6.5,0.0
3,2016.0,1.0,24.5,16.5
4,2017.0,0.0,8.0,2.0
5,2018.0,0.0,19.0,4.0
6,2019.0,1.5,12.5,12.5
7,2020.0,1.0,6.0,6.0
8,2021.0,0.2,10.8,3.6
9,2022.0,2.1666666666666665,23.166666666666668,4.666666666666667
10,2023.0,13.4,102.0,105.8
