,Year,intersection,health,climate
0,2012.0,0.0,53.0,5.0
1,2013.0,0.0,92.83333333333333,0.6666666666666666
2,2014.0,0.0,27.0,1.8
3,2015.0,0.0,61.0,0.0
4,2016.0,0.0,55.0,0.0
5,2017.0,1.5,57.333333333333336,1.5
6,2018.0,2.0,72.75,7.25
7,2019.0,1.6666666666666667,99.33333333333333,5.666666666666667
8,2020.0,3.0,128.5,5.75
9,2021.0,0.3333333333333333,125.33333333333333,4.333333333333333
10,2022.0,2.0,155.33333333333334,6.666666666666667
11,2023.0,0.5,97.0,1.0
