,Year,intersection,health,climate
0,2012.0,0.0,10.0,1.3333333333333333
1,2013.0,0.0,4.0,0.8
2,2014.0,0.0,2.6666666666666665,0.6666666666666666
3,2015.0,0.0,2.5,0.5
4,2016.0,0.0,4.75,0.5
5,2017.0,0.4,4.0,1.0
6,2018.0,0.25,8.5,4.25
7,2019.0,0.125,6.125,1.75
8,2020.0,0.5,20.25,8.5
9,2021.0,1.5,38.57142857142857,7.285714285714286
10,2022.0,2.6923076923076925,36.69230769230769,12.538461538461538
11,2023.0,2.7777777777777777,35.111111111111114,26.0
