,Year,intersection,health,climate
0,2012.0,0.0,18.0,2.0
1,2013.0,0.0,21.0,0.0
2,2014.0,0.0,30.0,0.0
3,2016.0,0.0,56.0,0.0
4,2017.0,0.0,16.0,9.5
5,2018.0,0.0,54.0,12.5
6,2019.0,0.0,49.333333333333336,16.0
7,2020.0,0.5,58.0,28.5
8,2021.0,0.6,45.2,15.0
9,2022.0,1.3333333333333333,49.333333333333336,17.0
10,2023.0,11.0,16.0,47.0
