,Year,intersection,health,climate
0,2011.0,0.0,14.875,0.375
1,2012.0,0.15,9.2,0.85
2,2013.0,0.1,13.9,0.8
3,2014.0,0.0,43.44444444444444,1.4444444444444444
4,2015.0,0.1,17.8,1.5
5,2016.0,0.2,29.0,2.2
6,2017.0,0.0,27.0,2.6666666666666665
7,2018.0,0.0,34.333333333333336,2.6666666666666665
8,2019.0,0.0,36.5,2.5
9,2020.0,0.0,51.666666666666664,9.666666666666666
10,2021.0,0.0,29.0,3.1666666666666665
11,2022.0,0.5,26.2,2.3
12,2023.0,3.3333333333333335,42.333333333333336,56.0
